Location name,Google address,Average star rating,Web link,Price range (single occupancy),Est. driving distance
Sunrise of Vienna,"374 Maple Ave W, Vienna, VA 22180",4.8,https://www.sunriseseniorliving.com/communities/va/sunrise-of-vienna,"Studio $5,989+/mo base; 1BR/2BR excluded (> $8k). Medication/care fees extra; confirm all-in total <= $8k.",2
Braddock Glen,"4027 Olley Lane, Fairfax, VA 22032",4.8,https://www.fcrha.org/properties/braddock-glen-assisted-living/1,"Approx. $3,660-$5,400/mo including published medication-management and care tiers (30-day month); income limits apply.",4
The Kensington Falls Church,"700 W Broad St, Falls Church, VA 22046",4.7,https://www.miradorliving.com/assisted-living/virginia/falls-church/the-kensington-falls-church,"1BR approx. $6,967+/mo; medication management and meals listed. Confirm final assessed-care total <= $8k.",7
Rembrandt Assisted Living,"6669 Gouthier Rd, Falls Church, VA 22042",5.0,https://www.miradorliving.com/assisted-living/virginia/falls-church/rembrandt-assisted-living,"1BR approx. $6,414+/mo; medication management and meal service listed. Confirm final care quote <= $8k.",7
Brightview Fair Oaks,"12725 Lee Hwy, Fairfax, VA 22030",4.8,https://www.brightviewseniorliving.com/find-a-community/brightview-fair-oaks/pricing,"Approx. $5,800-$7,335/mo (studio/1BR estimates); 5 hrs personal care/week, 3 meals/day and help taking medications included.",8
Sunrise at Bluemont Park,"5910 Wilson Blvd, Arlington, VA 22205",4.7,https://www.sunriseseniorliving.com/communities/va/sunrise-at-bluemont-park,"Studio $4,530+; 1BR $5,533+; 2BR $6,749+ base. Care and medication management extra; confirm all-in total <= $8k.",11
Brightview Dulles Corner,"13700 Magna Way, Herndon, VA 20171",4.8,https://www.brightviewseniorliving.com/find-a-community/brightview-dulles-corner/pricing,"Private assisted-living room approx. $7,395+/mo; 5 hrs personal care/week, 3 meals/day and help taking medications included.",12
The View Alexandria,"5000 Fairbanks Ave, Alexandria, VA 22311",4.7,https://theviewalexandria.org/care-options/assisted-living/,"Assisted living $4,586+/mo including 3 meals/day; personal care and medication management available via individualized plan. Confirm all-in <= $8k.",13
Willow Oaks Assisted Living at Birmingham Green,"8595 Centreville Rd, Manassas, VA 20111",4.7,https://www.miradorliving.com/assisted-living/virginia/manassas/willow-oaks-assisted-living-at-birmingham-green,"1BR approx. $7,696+/mo; medication management and restaurant-style meals listed. Studio excluded (approx. $8,338).",16
Brookdale Potomac,"11215 Seven Locks Rd, Potomac, MD 20854",5.0,https://www.brookdale.com/en/communities/brookdale-potomac.html,"Private assisted-living apartment $5,740+/mo base; dining included and managing medications offered. Personalized care fees extra; confirm total <= $8k.",18
Brightview West End,"285 N Washington St, Rockville, MD 20850",4.7,https://www.brightviewseniorliving.com/find-a-community/brightview-west-end,"Suite approx. $5,200+/mo; medication management and meal service listed. Confirm current assisted-living quote <= $8k.",18
Arbor Terrace Sudley Manor,"7750 Garner Dr, Manassas, VA 20109",5.0,https://www.arborcompany.com/locations/virginia/manassas-sudley-manor,"Private room approx. $3,695+; 1BR approx. $3,995+/mo; medication management and restaurant-style meals listed. Confirm care-tier total <= $8k.",18
Paul Spring Retirement Community,"7116 Fort Hunt Rd, Alexandria, VA 22307",4.7,https://www.miradorliving.com/assisted-living/virginia/alexandria/paul-spring-retirement-community,"Approx. $7,015+/mo 1BR; $7,599+/mo studio; medication management and meals listed. Confirm final care quote <= $8k.",19
Evermore Senior Living,"4358 Prince William Pkwy, Woodbridge, VA 22192",5.0,https://www.miradorliving.com/assisted-living/virginia/woodbridge/evermore-senior-living,"Suite approx. $6,000+/mo; medication management and meal preparation/service listed. Confirm current total <= $8k.",20
Tribute at the Glen,"4151 Old Bridge Rd, Woodbridge, VA 22192",4.6,https://www.miradorliving.com/assisted-living/virginia/woodbridge/tribute-at-the-glen,"1BR approx. $4,500+/mo; medication management and restaurant-style meals listed. Confirm current assessed-care total <= $8k.",20
Brookdale Lake Ridge,"3940 Prince William Pkwy, Woodbridge, VA 22192",4.7,https://www.brookdale.com/en/communities/brookdale-lake-ridge.html,"Private assisted-living apartment $5,445+/mo base; dining included and managing medications offered. Care fees extra; confirm total <= $8k.",21
Bedford Court,"3701 International Drive, Silver Spring, MD 20906",3.7,https://www.sunriseseniorliving.com/communities/md/bedford-court,"Assisted-living studio approx. $7,418+/mo; medication management available and dining provided. Care fees may be extra; confirm all-in <= $8k.",25
Bright Hands Assisted Living,"14109 Burning Bush Ln, Silver Spring, MD 20906",N/A,https://brighthandsmd.com/,"From $5,000/mo all-inclusive private room; 3 meals/day, medication administration, 24/7 care, housekeeping and routine personal care included.",25
Bright Hands Assisted Living II,"9720 Breckenridge Pl, Montgomery Village, MD 20886",N/A,https://brighthandsmd.com/,"From $5,000/mo all-inclusive private room; 3 meals/day, medication administration, 24/7 care, housekeeping and routine personal care included.",29
Spring Oak at Warrenton,"239 Alexandria Pike, Warrenton, VA 20186",4.4,https://www.springoakliving.com/warrenton,"Assisted living from $5,875/mo; studios and 1BRs available, meals included. Confirm medication-management package and all-in total <= $8k.",33
VIVA Senior Living at Stafford,"30 Kings Crest Dr, Stafford, VA 22554",4.6,https://www.vivaseniorliving.com/stafford,"Private assisted-living suite $6,000+/mo base; medication management and farm-to-table dining offered. Additional care fees apply; confirm total <= $8k.",39
Edenton Retirement Community,"5800 Genesis Ln, Frederick, MD 21703",4.3,https://www.mylivingchoice.com/property/edenton-retirement-community,"Assisted-living studio approx. $6,050-$6,150 base + $1,050-$1,650 care = approx. $7,100-$7,800/mo; medication management listed.",44
Spring Arbor of Frederick,"6601 English Muffin Way, Frederick, MD 21703",4.7,https://www.springarborliving.com/md/frederick/spring-arbor-of-frederick/,"Private studio $6,947/mo; 1BR alcove $7,872/mo. Standard 1BR excluded ($8,121). 3 meals/day and medication management offered.",44
Stern Life Assisted Living - Walnut Street,"903 Walnut St, Frederick, MD 21703",N/A,https://sternlifeassistedliving.com/,"From $5,000/mo; rate includes medication administration, 3 meals/day, 24/7 supervision and personal care. Confirm private-room rate and final total <= $8k.",45
Stern Life Assisted Living - Thames Drive,"228 Thames Dr, Frederick, MD 21702",5.0,https://sternlifeassistedliving.com/,"Private room approx. $5,000-$6,500/mo; higher care from +$1,000. Medication administration and 3 meals/day included; confirm final total <= $8k.",47
Charter Senior Living of Fredericksburg,"20 Heartfields Ln, Falmouth, VA 22405",4.8,https://www.charterfredericksburg.com/floor-plans/,"Private studio $4,995+/mo; 1BR $7,495+/mo; 3 meals/day and medication management listed. Higher-priced private studio estimates excluded.",49
Our Father's House Christian Home,"15261 Jubilee Rd, Culpeper, VA 22701",N/A,https://www.miradorliving.com/assisted-living/virginia/culpeper/our-fathers-house-christian-home,"1BR approx. $6,494+/mo; medication management and restaurant-style meal service listed. Confirm current total <= $8k.",55
Shenandoah Senior Living,"103 Lee Burke Rd, Front Royal, VA 22630",4.7,https://www.miradorliving.com/assisted-living/virginia/front-royal/shenandoah-senior-living,"1BR approx. $6,067+/mo; studio approx. $6,572+/mo; medication management and restaurant-style meals listed.",55
Commonwealth Senior Living at Front Royal,"600 Mount View St, Front Royal, VA 22630",4.9,https://www.commonwealthsl.com/commonwealth-senior-living-at-front-royal,"Suite $235/day (~$7,050/mo); deluxe suite $248/day (~$7,440); 1BR $264/day (~$7,920), incl. Level 1 care. Higher care may exceed $8k.",56
The Village at Orchard Ridge,"400 Clocktower Ridge Dr, Winchester, VA 22603",4.4,https://www.thevillageatorchardridge.org/assisted-living-community-winchester-va,"Assisted living estimated from about $5,016/mo; private 1BR-style apartments, meals and medication management listed. Confirm current quote <= $8k.",62
Harmony at Martinsburg,"13857 Apple Harvest Dr, Martinsburg, WV 25403",4.6,https://www.harmonyseniorservices.com/community/harmony-at-martinsburg/assisted-living/,"Assisted living from $4,520-$4,600/mo base; chef-prepared meals included, medication management available via care level. Confirm all-in total <= $8k.",63
Celebration Villa of Martinsburg,"200 Gloucester Dr, Martinsburg, WV 25401",4.2,https://celebrationvillaofmartinsburg.com/floor-plans-pricing/,"Small studio $6,550+/mo; large studio $7,050+/mo; 3 chef-prepared meals/day and medication-management support available. Shared $8,550 option excluded.",64
